scup_mu,scup_size,bsb_mu,bsb_size,sf_mu,sf_size,draw,state
3.2802441,.32752329,2.1206446,.21723832,.72563595,.13415843,1,CT
3.1756325,.32860413,1.8078541,.2211581,.66820133,.13632484,2,CT
3.40326,.32634547,1.5397322,.22597182,.68904006,.13548885,3,CT
3.5386548,.32515249,1.6993983,.22289832,.72082448,.13432419,4,CT
3.3680642,.32667282,2.2820823,.21567538,.65434325,.13691643,5,CT
3.4724994,.32572269,2.1675458,.21675786,.62844086,.13810751,6,CT
3.1329904,.32906759,1.8289018,.22084719,.65854669,.1367338,7,CT
3.2118058,.32822162,1.7918149,.22140054,.72714245,.13410705,8,CT
3.2386994,.32794333,1.5962127,.22480442,.69861758,.13512459,9,CT
3.2644606,.32768148,1.6677192,.22345506,.65376723,.13694167,10,CT
3.4073644,.3263078,1.7381853,.22224784,.74418044,.13354316,11,CT
3.2447422,.32788152,1.8669688,.22030476,.79185331,.13211584,12,CT
3.1621444,.32874924,2.1299455,.2171412,.70080823,.13504295,13,CT
3.1493161,.32888851,1.7331163,.22233097,.71575147,.13450184,14,CT
3.2056775,.32828575,1.8911769,.21997249,.68449509,.13566598,15,CT
3.4557641,.32587072,1.8017622,.22124961,.75120813,.13331935,16,CT
3.5300951,.32522497,1.7521836,.22202104,.58328837,.14049762,17,CT
3.2006116,.32833898,2.0222869,.21832609,.69940662,.13509512,18,CT
3.5103602,.3253935,1.2714007,.23319481,.72749084,.13409521,19,CT
3.1842589,.32851204,2.171984,.21671358,.71932381,.13437644,20,CT
3.2169905,.32816759,2.266351,.21581696,.6640377,.13649945,21,CT
3.5670347,.32491496,1.9713919,.21893631,.67312211,.13612181,22,CT
3.1657467,.32871035,1.9295374,.219465,.68500775,.13564587,23,CT
3.23718,.32795891,1.9391465,.21934138,.53042287,.1439535,24,CT
3.3102331,.32722729,1.3916498,.22955668,.7923674,.13210154,25,CT
3.4135051,.3262516,1.8519268,.22051612,.64323407,.13741301,26,CT
3.2359796,.32797125,2.1601095,.2168325,.71087366,.13467549,27,CT
3.2034714,.32830891,2.0447724,.21806721,.72145772,.13430223,28,CT
3.1921577,.32842821,2.2105057,.21633741,.75292206,.13326551,29,CT
3.1750827,.32861003,1.855788,.2204615,.78080618,.13242844,30,CT
3.2899408,.32742694,1.8271456,.22087282,.64022428,.13755114,31,CT
3.325784,.32707614,1.8669556,.22030495,.63226533,.13792416,32,CT
3.296577,.32736138,1.9464639,.21924815,.77001476,.13274397,33,CT
3.5162792,.32534274,1.993757,.2186639,.66728663,.13636297,34,CT
3.3335602,.32700109,1.922523,.21955611,.64251757,.13744575,35,CT
3.401562,.32636109,1.9586294,.21909486,.63542527,.13777471,36,CT
3.4569602,.32586008,1.8970926,.21989274,.65891302,.13671802,37,CT
3.3294148,.32704106,1.7719699,.22170734,.70782018,.13478565,38,CT
3.1521325,.32885784,1.5289383,.2262062,.71563083,.13450611,39,CT
3.3434293,.32690644,2.2591836,.21588218,.73944223,.1336969,40,CT
3.4881208,.32558593,1.9412099,.21931501,.63313711,.13788275,41,CT
3.5123136,.32537672,1.7345713,.22230706,.56576926,.14155343,42,CT
3.3874168,.32649192,2.060117,.21789412,.67043942,.13623205,43,CT
3.51963,.32531407,1.8064485,.22117916,.6970647,.13518284,44,CT
3.1626155,.32874414,1.8223357,.22094332,.68002063,.13584314,45,CT
3.1887653,.32846415,1.5867605,.22499317,.621328,.13845584,46,CT
3.4066429,.32631442,2.235162,.21610411,.58146322,.14060394,47,CT
3.0916166,.32953078,1.9469129,.21924245,.50712943,.14577064,48,CT
3.5554528,.3250114,1.8256934,.22089405,.80421704,.13177782,49,CT
3.4478214,.32594153,1.5464977,.22582683,.74524301,.13350901,50,CT
3.0189939,.33037788,2.0401495,.21811992,.53806567,.1434007,51,CT
2.9380543,.33137688,1.8992383,.21986395,.62127113,.13845865,52,CT
3.3584008,.32676402,2.5179369,.21378286,.6970892,.13518192,53,CT
3.27106,.32761514,1.7833239,.22153087,.77551925,.13258174,54,CT
3.2203116,.32813305,2.1425669,.21701087,.71481526,.13453496,55,CT
3.4525688,.32589915,1.9074533,.21975438,.73167139,.13395414,56,CT
3.6811082,.32400042,2.1355786,.21708281,.59796911,.13967167,57,CT
3.3284314,.32705054,1.6801739,.22323334,.76471889,.13290264,58,CT
3.4587924,.32584381,1.8176398,.22101255,.64873964,.13716432,59,CT
3.2525809,.32780167,2.0995584,.21746205,.72930986,.13403359,60,CT
3.2086217,.32825491,2.1178663,.21726751,.60877854,.13909478,61,CT
3.2097833,.32824275,1.727769,.22241928,.68224752,.13575462,62,CT
3.1820457,.32853562,2.4238651,.21448964,.75625658,.13316159,63,CT
3.104728,.32938251,1.2984028,.2323087,.6888833,.13549492,64,CT
3.4126477,.3262594,2.1923199,.21651319,.73190886,.13394618,65,CT
3.2549756,.32777736,2.4446814,.21432814,.72423893,.13420628,66,CT
3.1818962,.32853723,2.0896804,.21756858,.6959666,.13522422,67,CT
3.4370959,.3260377,1.98501,.21876964,.68260622,.13574043,68,CT
3.3011496,.32731634,1.4055545,.22918269,.72008991,.13434973,69,CT
3.2493579,.32783446,2.3738196,.21489054,.7022168,.13499077,70,CT
3.5066972,.325425,2.2442002,.21602,.70310545,.13495798,71,CT
3.2513924,.32781374,1.9014015,.219835,.63488406,.13780017,72,CT
3.6138954,.32453164,2.0977581,.21748139,.58903742,.1401681,73,CT
2.979223,.33086121,1.869092,.22027524,.6855216,.13562573,74,CT
2.9646256,.33104226,1.6060321,.22461101,.63671875,.13771404,75,CT
3.5515294,.32504424,1.8987275,.21987079,.67235929,.13615306,76,CT
3.1009219,.32942542,1.4134879,.22897315,.70414627,.1349197,77,CT
3.4480073,.32593986,1.5050702,.22673818,.78822792,.1322173,78,CT
3.4919629,.32555249,1.707972,.22275166,.70724249,.13480662,79,CT
3.3270102,.32706428,2.2137876,.21630603,.5996601,.13957973,80,CT
3.1267524,.32913655,1.7457263,.22212514,.72362918,.13422725,81,CT
3.4111688,.32627293,2.1922662,.21651371,.54676849,.14279497,82,CT
3.1912642,.32843766,1.5193061,.22641857,.67844546,.13590617,83,CT
3.2768679,.327557,1.896785,.21989687,.71784347,.13442822,84,CT
3.0489712,.33002278,1.6427913,.2239103,.70668894,.13482675,85,CT
3.0463166,.33005393,1.4995493,.22686401,.72465765,.13419192,86,CT
3.0249922,.3303062,1.8471848,.22058354,.76791799,.13280648,87,CT
3.9018517,.32239506,2.0375011,.21815024,.70490801,.13489176,88,CT
3.2868323,.32745776,1.7751496,.22165766,.70728576,.13480505,89,CT
3.3252759,.32708102,2.040787,.21811263,.6133979,.13885586,90,CT
3.2786884,.32753882,2.4979455,.21392822,.70551097,.13486971,91,CT
2.8810818,.33211762,1.9602671,.21907438,.69722134,.13517696,92,CT
3.3792498,.32656798,1.6726695,.22336648,.61393648,.13882829,93,CT
3.2674081,.32765183,1.6595153,.22360317,.55641341,.14215145,94,CT
3.423245,.32616287,1.727614,.22242185,.74723345,.13344532,95,CT
3.1992524,.32835329,2.1296368,.2171444,.74085689,.13365076,96,CT
3.0087714,.33050075,2.1018624,.21743736,.59263027,.13996619,97,CT
3.5286434,.3252373,1.8849057,.22005765,.62642914,.13820505,98,CT
3.2335861,.32799587,1.6284671,.22417907,.67837441,.13590902,99,CT
3.1175151,.32923925,2.1807282,.21662691,.64095497,.13751747,100,CT
0,0,1.5152071,.11760873,1.150328,.33904514,1,DE
.020076536,.00086339616,1.5113864,.11763181,1.1325009,.34062549,2,DE
.044499077,.00084348762,1.5173699,.11759572,1.0693228,.34678805,3,DE
.046429954,.00084282324,1.5132104,.11762077,1.1436081,.33963335,4,DE
.07696002,.00083679735,1.5105034,.11763716,1.1285422,.34098524,5,DE
.015391367,.00087484875,1.5089962,.11764631,1.2746677,.32956976,6,DE
.21275502,.00083103002,1.5125914,.11762451,1.0587748,.3479121,7,DE
.097959407,.00083485141,1.5127007,.11762386,1.160346,.33818457,8,DE
0,0,1.5168486,.11759885,1.2215656,.33331606,9,DE
.11401168,.00083385088,1.5145303,.11761281,1.0856818,.34510165,10,DE
.050192874,.00084167783,1.5072973,.11765666,1.1509315,.33899274,11,DE
.04806846,.00084230205,1.5097741,.11764159,1.1711007,.33728182,12,DE
.45210052,.00082931505,1.5165219,.11760081,1.0912303,.3445448,13,DE
0,0,1.508976,.11764643,1.1285509,.34098446,14,DE
.021389762,.00086112256,1.5088987,.1176469,1.0679718,.34693035,15,DE
.17632464,.00083170121,1.5100873,.11763969,1.1582178,.33836579,16,DE
0,0,1.5087276,.11764795,1.160484,.33817285,17,DE
0,0,1.5083779,.11765008,1.1723847,.33717549,18,DE
.060614109,.00083925819,1.5125927,.11762451,1.0856203,.34510788,19,DE
0,0,1.5138665,.11761681,.9994635,.35483134,20,DE
0,0,1.5096169,.11764254,1.1130167,.34242848,21,DE
.21662304,.00083097204,1.5143749,.11761375,1.1329706,.34058303,22,DE
0,0,1.5137668,.11761741,1.0496259,.34891146,23,DE
0,0,1.5108889,.11763483,1.090264,.34464124,24,DE
0,0,1.5137516,.11761751,1.2166334,.33368516,25,DE
.024879323,.00085628737,1.5156827,.11760587,1.1003691,.34364367,26,DE
.13717,.00083282252,1.5129077,.11762261,1.0318867,.35091677,27,DE
.21453986,.00083100301,1.5149786,.1176101,1.2280325,.33283782,28,DE
.14359315,.00083259639,1.5144757,.11761314,1.0817903,.34549671,29,DE
.099471934,.00083474326,1.5118004,.1176293,1.1412778,.33983943,30,DE
0,0,1.5128869,.11762273,1.0920767,.34446052,31,DE
0,0,1.5120535,.11762777,1.1281656,.34101963,32,DE
0,0,1.5136638,.11761804,1.024888,.3517336,33,DE
0,0,1.5108976,.11763477,1.1364584,.34026909,34,DE
.014234382,.00087890931,1.5131783,.11762097,1.0938708,.34428239,35,DE
.074929602,.00083704398,1.5143927,.11761364,1.1167235,.34207913,36,DE
0,0,1.511995,.11762813,1.174243,.3370221,37,DE
.10366632,.0008344599,1.5105221,.11763705,1.1590275,.33829674,38,DE
0,0,1.5132028,.11762082,1.0698359,.34673411,39,DE
0,0,1.5149335,.11761038,1.186095,.33605829,40,DE
0,0,1.5147972,.1176112,1.1091928,.34279203,41,DE
0,0,1.5071024,.11765784,1.0740505,.34629369,42,DE
0,0,1.5136542,.11761809,1.1918048,.33560273,43,DE
0,0,1.5066403,.11766066,1.0689085,.34683165,44,DE
.20754258,.00083111151,1.5111113,.11763348,1.1603354,.33818546,45,DE
0,0,1.5142512,.11761449,1.1089358,.34281659,46,DE
0,0,1.5112264,.11763278,1.190191,.33573091,47,DE
.21838583,.00083094632,1.5071473,.11765756,1.2087057,.33428651,48,DE
0,0,1.5152453,.1176085,1.1247854,.34132969,49,DE
0,0,1.5130907,.1176215,1.2506675,.33121312,50,DE
.23348923,.00083074183,1.5138371,.11761699,1.20499,.33457184,51,DE
.042273909,.00084433006,1.511487,.1176312,1.1618223,.33805937,52,DE
0,0,1.5109084,.11763471,1.1589397,.33830422,53,DE
.13700791,.00083282852,1.5106466,.11763629,1.1792465,.33661216,54,DE
0,0,1.5080003,.11765237,1.0771561,.34597209,55,DE
.030361906,.00085099851,1.5148069,.11761114,1.2075268,.33437681,56,DE
0,0,1.5122038,.11762686,1.0147563,.35294297,57,DE
.021811904,.00086045213,1.5092386,.11764484,1.0588542,.34790352,58,DE
0,0,1.5122392,.11762664,1.2642586,.33027285,59,DE
.24535617,.00083059893,1.5146321,.1176122,1.1241329,.34138983,60,DE
.11944834,.0008335734,1.5145122,.11761292,1.1130474,.34242555,61,DE
.029694788,.00085153466,1.5112989,.11763234,1.0778934,.3458961,62,DE
0,0,1.5144242,.11761345,1.0290537,.35124564,63,DE
.066183813,.00083828141,1.5094587,.11764351,1.1544452,.33868912,64,DE
.1720846,.00083179789,1.5068576,.11765933,1.2146285,.33383632,65,DE
.057074554,.00083997945,1.5134815,.11761913,1.2055227,.3345308,66,DE
0,0,1.5133729,.1176198,1.1075883,.34294558,67,DE
.10568121,.00083433185,1.5147598,.11761142,1.0741593,.34628239,68,DE
0,0,1.5116472,.11763023,1.152783,.33883247,69,DE
.09326724,.0008352095,1.5100975,.11763962,1.1204515,.34173083,70,DE
.10711038,.00083424401,1.5098878,.1176409,1.0711558,.3465957,71,DE
0,0,1.5124189,.11762556,1.1808888,.33647859,72,DE
0,0,1.5113533,.11763201,1.177525,.33675268,73,DE
.10659035,.00083427568,1.5119563,.11762836,1.2897846,.32857406,74,DE
.0033276021,.0011019168,1.5124588,.11762532,1.1338003,.34050813,75,DE
0,0,1.5105114,.11763711,1.1483517,.33921722,76,DE
0,0,1.5137067,.11761778,1.0970745,.34396625,77,DE
0,0,1.5161142,.11760326,1.113203,.34241083,78,DE
.22696897,.00083082676,1.5108033,.11763535,1.0795246,.34572846,79,DE
.066108212,.00083829358,1.5083027,.11765053,1.1692483,.33743578,80,DE
.065261647,.00083843147,1.5128672,.11762285,1.1512091,.33896866,81,DE
0,0,1.5121509,.11762718,1.2182999,.33356002,82,DE
.018982671,.00086554111,1.5092193,.11764496,1.0350169,.35055625,83,DE
.28059655,.0008302459,1.5053818,.11766834,1.1187541,.34188902,84,DE
.035143435,.00084776554,1.5085064,.11764929,1.0694076,.34677914,85,DE
.082451113,.00083619182,1.5129595,.11762229,1.0197047,.35234827,86,DE
.065430515,.00083840371,1.5074811,.11765553,1.1817645,.33640757,87,DE
.12626319,.00083325955,1.5070115,.11765839,1.2245054,.33309785,88,DE
.2907972,.00083015976,1.5113416,.11763208,1.1454645,.33946994,89,DE
0,0,1.5111835,.11763304,1.2629025,.33036551,90,DE
0,0,1.5108148,.11763527,1.0839071,.34528136,91,DE
0,0,1.5131304,.11762126,1.0704296,.34667179,92,DE
.049539864,.00084186386,1.511577,.11763065,1.1637993,.33789235,93,DE
0,0,1.5075988,.11765482,1.1522957,.33887458,94,DE
.17076707,.00083182892,1.5092994,.11764447,1.1773714,.33676526,95,DE
.14832728,.00083244237,1.5155928,.11760641,1.0982488,.34385097,96,DE
0,0,1.5140849,.1176155,1.1900584,.33574149,97,DE
0,0,1.512385,.11762577,1.1172652,.34202832,98,DE
0,0,1.5134506,.11761933,1.2035478,.33468318,99,DE
0,0,1.5139618,.11761624,1.0492693,.34895086,100,DE
0,0,2.6048141,.17649809,1.3541465,.43127915,1,MD
.61362523,.0001000163,2.6051469,.17649657,1.315184,.43538713,2,MD
0,0,2.6056976,.17649403,1.4421289,.4230589,3,MD
.39824376,.00010002511,2.6042461,.17650069,1.176126,.45312279,4,MD
0,0,2.6049154,.17649762,1.3766196,.42904842,5,MD
0,0,2.6043472,.17650023,1.2758619,.43987513,6,MD
0,0,2.6049085,.17649765,1.051264,.47485173,7,MD
0,0,2.6051564,.17649652,1.1488388,.45730755,8,MD
0,0,2.6050854,.17649685,1.5148152,.41718644,9,MD
0,0,2.605206,.17649628,1.4546646,.42199209,10,MD
0,0,2.6052785,.17649595,1.2102578,.44825238,11,MD
0,0,2.6053445,.17649566,1.3859752,.42814767,12,MD
0,0,2.6044466,.17649977,1.3608032,.43060827,13,MD
.33048195,.00010003027,2.6043811,.17650008,1.122084,.46168959,14,MD
0,0,2.6049581,.17649743,1.4182727,.4251568,15,MD
.19411545,.00010005154,2.6052341,.17649616,1.2543988,.44248536,16,MD
0,0,2.6044133,.17649993,1.3523746,.43145922,17,MD
0,0,2.605469,.17649508,1.1934854,.45059776,18,MD
.14255737,.0001000702,2.6047754,.17649826,1.1951962,.45035437,19,MD
0,0,2.604908,.17649765,1.1871521,.45150715,20,MD
0,0,2.6045463,.17649932,1.3625919,.43042949,21,MD
.3283042,.00010003047,2.6054249,.17649528,1.3263857,.43417329,22,MD
0,0,2.6047289,.17649847,1.3315462,.43362319,23,MD
0,0,2.6043248,.17650034,1.3321413,.43356013,24,MD
0,0,2.6043851,.17650005,1.2535349,.44259298,25,MD
0,0,2.6050973,.17649679,1.257534,.44209656,26,MD
0,0,2.60518,.1764964,1.0773197,.46972024,27,MD
.74129772,.00010001349,2.6049201,.17649761,1.5344723,.41571978,28,MD
.49439436,.00010002023,2.6046946,.17649864,1.0549238,.47410879,29,MD
.18636055,.00010005369,2.6039097,.17650224,1.3134761,.43557465,30,MD
0,0,2.6049004,.1764977,1.3276757,.43403524,31,MD
.52861708,.00010001892,2.6043649,.17650016,1.2330483,.44520465,32,MD
0,0,2.6047375,.17649844,1.111304,.46353969,33,MD
.50317043,.00010001988,2.6046963,.17649862,1.1737162,.4534815,34,MD
.1466351,.00010006825,2.605159,.17649651,1.3115629,.43578544,35,MD
0,0,2.605191,.17649636,1.1455064,.45783773,36,MD
.049758907,.00010020137,2.6052756,.17649597,1.2609955,.44167036,37,MD
.58005482,.00010001724,2.6051486,.17649655,1.2336615,.44512475,38,MD
0,0,2.6046541,.17649882,1.0013295,.48579437,39,MD
0,0,2.6050265,.17649712,1.3785659,.42885971,40,MD
.10753554,.00010009308,2.6048949,.17649771,1.3293136,.43386048,41,MD
0,0,2.6050334,.17649709,1.3067693,.43631727,42,MD
.082908943,.00010012076,2.6046503,.17649885,1.3089635,.43607318,43,MD
.8133443,.00010001229,2.6052763,.17649597,1.1184558,.46230665,44,MD
.68029886,.0001000147,2.6049387,.17649752,1.1689974,.45418987,45,MD
.043031003,.00010023293,2.6046309,.17649893,1.3303381,.43375146,46,MD
0,0,2.6053102,.17649581,1.3555319,.43113881,47,MD
.29315266,.00010003412,2.6044028,.17649998,1.2276442,.44591337,48,MD
.84480822,.00010001184,2.6046345,.17649892,1.4220982,.42481425,49,MD
0,0,2.6056707,.17649415,1.1396352,.4587824,50,MD
0,0,2.6049919,.17649727,1.268752,.44072664,51,MD
0,0,2.6051009,.17649677,1.2198212,.44695452,52,MD
0,0,2.6051805,.1764964,1.078993,.46940285,53,MD
0,0,2.6053309,.17649572,1.1172429,.46251419,54,MD
.070262365,.00010014253,2.6051245,.17649667,1.1353065,.45948768,55,MD
.088458806,.00010011317,2.6046321,.17649892,1.2349207,.44496104,56,MD
.89169389,.00010001122,2.6048088,.17649812,1.1889184,.45125219,57,MD
0,0,2.6054265,.17649528,1.2789656,.43950742,58,MD
1.0012455,.00010000999,2.6048784,.17649779,1.0494368,.47522548,59,MD
0,0,2.6050127,.17649718,1.2298743,.44561988,60,MD
0,0,2.6054261,.17649528,1.3551695,.4311755,61,MD
.38511899,.00010002597,2.6045196,.17649944,1.2128297,.44790059,62,MD
0,0,2.6042995,.17650045,1.2661484,.44104165,63,MD
0,0,2.6054251,.17649528,1.3570218,.43098831,64,MD
0,0,2.605242,.17649612,1.3491985,.4317835,65,MD
0,0,2.6044495,.17649977,1.3037472,.43665519,66,MD
0,0,2.60478,.17649825,1.3719441,.42950463,67,MD
0,0,2.605535,.17649478,1.3565451,.43103641,68,MD
.79815727,.00010001253,2.6050866,.17649683,1.1806881,.45244926,69,MD
0,0,2.6047003,.17649861,1.3486161,.43184316,70,MD
.0080817537,.00010125286,2.6051247,.17649665,1.3716226,.42953613,71,MD
0,0,2.6047473,.1764984,1.2103103,.44824517,72,MD
0,0,2.6039202,.1765022,1.1829705,.45211497,73,MD
.75092363,.00010001332,2.6051486,.17649655,1.3665943,.43003163,74,MD
0,0,2.6048231,.17649804,1.1931773,.45064169,75,MD
0,0,2.6050143,.17649716,1.3115009,.4357923,76,MD
.16316818,.00010006133,2.6052911,.17649589,1.1202354,.46200326,77,MD
0,0,2.6051373,.17649661,1.0752946,.47010627,78,MD
0,0,2.6050551,.17649698,1.2220869,.4466511,79,MD
0,0,2.6047049,.17649859,1.3296807,.43382141,80,MD
.7604872,.00010001315,2.6051421,.17649658,1.407364,.42614698,81,MD
.49979731,.00010002001,2.6050494,.17649701,1.3782587,.42888945,82,MD
.76000184,.00010001316,2.6048534,.17649791,1.3146944,.43544084,83,MD
.33683559,.0001000297,2.6049685,.17649738,1.3824213,.42848796,84,MD
1.4410717,.00010000694,2.6052608,.17649604,1.0282019,.47971186,85,MD
.40666059,.0001000246,2.6055372,.17649476,1.4226173,.42476794,86,MD
0,0,2.6045182,.17649944,1.4072503,.42615741,87,MD
.1012522,.00010009886,2.6042321,.17650077,1.2067538,.44873497,88,MD
0,0,2.6045175,.17649946,1.3583784,.43085167,89,MD
.0048101842,.00010212306,2.6049831,.17649731,1.2669173,.44094843,90,MD
.051433451,.0001001948,2.604713,.17649855,1.1246258,.46126065,91,MD
1.4273492,.000100007,2.6049531,.17649744,1.2903193,.43818244,92,MD
0,0,2.6048059,.17649813,1.1552403,.45630106,93,MD
0,0,2.6053798,.17649549,1.1655492,.45471254,94,MD
0,0,2.6048856,.17649776,1.2187711,.44709569,95,MD
.24817123,.00010004031,2.6049595,.17649741,1.3362951,.43312192,96,MD
.3720035,.00010002689,2.6045017,.17649952,1.1713729,.45383227,97,MD
.084879018,.00010011796,2.6045291,.1764994,1.369519,.42974284,98,MD
0,0,2.60462,.17649898,1.3233767,.43449667,99,MD
.18376938,.00010005444,2.6047404,.17649843,1.2718577,.4403531,100,MD
3.9800313,.30259493,3.1897349,.24222933,.2633619,.05034633,1,MA
3.9379079,.30284122,2.7870164,.24491686,.2458341,.051042039,2,MA
4.5744958,.29963452,3.0674891,.24296464,.28704515,.049564563,3,MA
3.9184487,.30295691,2.9662697,.24362309,.25156966,.050801557,4,MA
4.6155944,.29945987,2.477134,.24763922,.27655584,.049891308,5,MA
4.2985344,.30089983,2.3330569,.24917755,.23229751,.051667161,6,MA
4.145731,.30167818,3.14118,.242514,.26293653,.050361905,7,MA
4.3262649,.30076489,2.9564657,.24368946,.21274823,.05274516,8,MA
4.3610725,.30059808,2.5746696,.24670492,.25649539,.050605308,9,MA
3.8933992,.30310768,2.6082115,.24640128,.24495965,.051079899,10,MA
4.3289938,.30075172,3.2165885,.24207586,.26706696,.050213158,11,MA
4.1033778,.30190495,2.5920265,.24654672,.26919153,.050138757,12,MA
4.1070166,.30188528,3.2672536,.24179368,.27043879,.050095726,13,MA
4.4936495,.29998803,2.8955185,.244113,.23953812,.051322117,14,MA
4.2107911,.30133939,2.5195084,.24722356,.25914258,.050503526,15,MA
4.2287865,.30124766,2.7536044,.2451783,.22881328,.051842745,16,MA
4.2241259,.30127132,2.8240914,.24463463,.25441945,.050686907,17,MA
3.8857477,.30315417,2.9159315,.24396901,.26555809,.050266858,18,MA
4.0338473,.30228829,2.3381319,.2491198,.22029102,.05230118,19,MA
4.2047539,.30137035,3.1897876,.24222903,.25724506,.050576229,20,MA
4.2150731,.30131748,3.4020524,.24108674,.23341882,.051612016,21,MA
4.3063078,.30086184,2.693562,.24566588,.24791481,.050953247,22,MA
4.0474787,.30221203,2.5028057,.24738555,.20567703,.053198602,23,MA
4.0341578,.30228657,2.5920937,.24654612,.25924319,.050499704,24,MA
3.9595644,.30271387,2.9491885,.24373904,.27863523,.04982423,25,MA
4.1394968,.30171126,2.7219155,.2454327,.26082775,.050440013,26,MA
4.2093258,.3013469,2.9310877,.24386351,.26837769,.050167091,27,MA
4.2525172,.30112794,2.7767963,.2449961,.30934003,.048955321,28,MA
4.0086594,.30243072,2.7000864,.24561176,.21842526,.052407462,29,MA
4.1830969,.30148223,2.7069666,.24555498,.2806209,.049761266,30,MA
4.1059179,.30189121,2.7300582,.24536672,.2776126,.049857069,31,MA
4.0386281,.3022615,2.721139,.24543902,.28442273,.049643598,32,MA
3.9582143,.30272177,3.1518683,.24245054,.21720961,.05247793,33,MA
4.1078024,.30188102,2.3900437,.24854462,.26807886,.050177548,34,MA
3.9911339,.30253094,2.5317252,.24710655,.25162616,.050799254,35,MA
4.4325643,.3002643,2.8959579,.24410987,.24811359,.050944861,36,MA
4.5441942,.29976547,2.7962711,.24484564,.2452658,.051066607,37,MA
4.2494822,.30114317,3.11182,.24269079,.28218406,.049712434,38,MA
4.6286077,.29940525,3.4625461,.24078862,.24732409,.050978273,39,MA
4.6702547,.29923263,2.3508644,.24897613,.24054034,.051276341,40,MA
3.9746497,.30262607,2.9410028,.24379513,.23252106,.051656116,41,MA
4.0352983,.30228016,2.5788841,.24666628,.24319619,.051157251,42,MA
4.3305588,.30074415,2.3233483,.2492888,.2272062,.051925961,43,MA
4.1133776,.30185094,2.5826471,.24663192,.26116616,.050427377,44,MA
4.2638216,.30107141,2.8065221,.24476737,.22697219,.051938199,45,MA
4.3180175,.30080482,2.7300119,.24536709,.24344228,.051146373,46,MA
4.4861574,.3000215,2.7910521,.24488574,.19096348,.054280344,47,MA
4.1791434,.30150279,2.8708861,.24428971,.19505011,.053958997,48,MA
4.2036881,.30137584,3.1274018,.24259652,.2665475,.050231565,49,MA
4.2643738,.30106866,2.8321688,.2445742,.25885722,.050514378,50,MA
4.1077681,.30188122,2.8760617,.24425231,.30483031,.049070206,51,MA
4.4371109,.30024344,2.975714,.24355961,.2713958,.050063021,52,MA
4.4231424,.30030763,2.7383606,.24529988,.25901559,.05050835,53,MA
4.1472306,.30167025,2.737339,.24530807,.22854643,.051856462,54,MA
4.2783332,.30099931,3.2234344,.24203718,.25396341,.050705045,55,MA
4.8833942,.29839817,2.7116752,.24551632,.19676326,.053829342,56,MA
4.4168797,.30033654,2.6460438,.24606891,.26617244,.050244905,57,MA
4.3559499,.30062246,2.8004992,.24481328,.27629188,.04989991,58,MA
4.0378566,.30226582,2.4439812,.2479755,.22954993,.051805079,59,MA
4.2830453,.30097604,2.7602084,.24512607,.27416146,.049970038,60,MA
4.1334834,.30174324,3.1385987,.24252941,.25081432,.050832473,61,MA
4.2135429,.30132529,2.7148581,.24549025,.2841714,.049651261,62,MA
3.9402261,.30282751,3.0703359,.24294679,.21078306,.052867357,63,MA
4.3619933,.30059373,2.5659876,.24678493,.28114116,.049744941,64,MA
4.3908606,.3004576,3.0496361,.24307734,.27597412,.049910288,65,MA
4.3863306,.30047882,2.9076643,.24402706,.22164086,.052225664,66,MA
4.118432,.30182377,2.4887865,.24752337,.23537847,.051517177,67,MA
4.1358576,.3017306,2.6502304,.24603277,.29049292,.049463194,68,MA
4.4245062,.30030134,2.7550373,.24516694,.22199434,.052206077,69,MA
4.270844,.30103648,2.5428519,.24700105,.25781453,.050554276,70,MA
4.0560346,.30216444,2.3084359,.24946171,.2210279,.052259814,71,MA
4.4607773,.3001357,2.9901013,.24346372,.24370962,.05113459,72,MA
4.276226,.30100977,3.0819163,.24287458,.28809533,.049533386,73,MA
4.0258822,.30233312,2.745569,.24524219,.26056775,.050449748,74,MA
4.0884862,.30198586,3.5515535,.24036971,.23490098,.05154011,75,MA
4.1529636,.30163997,2.7524302,.24518761,.22410399,.052090757,76,MA
4.2618818,.30108109,2.984369,.24350181,.24577352,.05104465,77,MA
4.1025934,.30190921,2.4382071,.2480351,.20461322,.053270239,78,MA
4.3950582,.30043796,3.0240715,.24324125,.27272671,.050017998,79,MA
4.4103131,.30036694,2.9110284,.24400339,.24178761,.051220018,80,MA
4.3248472,.30077174,2.8341298,.2445596,.26353526,.050339997,81,MA
3.8377967,.30344996,2.45961,.24781573,.17729887,.0554961,82,MA
4.1760259,.30151901,2.3788979,.24866578,.25665703,.050599024,83,MA
4.1613317,.30159593,3.272527,.24176484,.23409405,.051579118,84,MA
4.4770975,.30006209,2.5060523,.24735388,.23195834,.05168397,85,MA
3.7536519,.30398875,2.5089295,.24732588,.26875064,.050154082,86,MA
4.3207917,.30079138,2.0912049,.25229388,.24154466,.051230934,87,MA
4.5394168,.29978627,2.1980259,.25082326,.32077739,.04868063,88,MA
4.3443127,.30067804,2.7478106,.24522433,.2690559,.050143465,89,MA
4.1286025,.30176929,2.5075891,.24733891,.22388032,.052102856,90,MA
4.1638684,.3015826,2.6957004,.24564812,.21060562,.052878533,91,MA
4.5526466,.29972875,3.219346,.24206026,.22611217,.051983442,92,MA
4.1504502,.30165324,2.7926772,.24487324,.25846633,.05052929,93,MA
4.2750506,.30101559,2.9495504,.24373657,.23359305,.051603504,94,MA
4.4285398,.30028278,2.6736386,.24583296,.27544421,.049927659,95,MA
4.4499493,.30018485,2.674412,.24582642,.26303411,.050358325,96,MA
4.0848212,.30200589,2.3766875,.24868995,.26000792,.050470788,97,MA
4.2858424,.30096224,2.9355266,.24383283,.23679887,.051449634,98,MA
4.5411954,.29977852,2.7341535,.24533369,.24666229,.051006481,99,MA
4.3458805,.30067053,3.11467,.24267347,.21056202,.052881282,100,MA
.19358404,.0042264862,1.2104735,.084793314,2.5189514,.36188939,1,NJ
.18904574,.0042287027,1.1991092,.084849641,2.5535007,.36118731,2,NJ
.20023045,.0042234254,1.2466648,.084621228,2.6304727,.3596985,3,NJ
0,0,1.2376075,.084663287,2.6055155,.36017027,4,NJ
.17579894,.0042358423,1.2755319,.084491432,2.5980129,.3603141,5,NJ
.39592418,.0041798484,1.2289691,.084704012,2.4267547,.36387548,6,NJ
.092631377,.004329503,1.2133642,.084779166,2.4146791,.36414853,7,NJ
.15175807,.0042520724,1.1971631,.084859401,2.5821254,.36062184,8,NJ
.15145363,.0042523118,1.1815797,.084938809,2.4073246,.36431637,9,NJ
0,0,1.2149488,.084771439,2.5680964,.36089718,10,NJ
.14901949,.0042542629,1.2313919,.08469253,2.5361919,.36153629,11,NJ
.18218276,.0042322688,1.2063956,.084813394,2.6104624,.36007595,12,NJ
.12368083,.0042792913,1.2779926,.084480658,2.5622821,.36101231,13,NJ
.15831643,.0042471429,1.2566814,.084575467,2.737937,.35777825,14,NJ
.14980336,.0042536277,1.2899919,.084428743,2.7086291,.35828483,15,NJ
.065926783,.0044130525,1.2501165,.084605373,2.7689722,.35725501,16,NJ
.15577869,.0042489995,1.2265346,.084715605,2.455889,.36322936,17,NJ
.066801056,.0044091893,1.3230073,.084291078,2.4772229,.36276731,18,NJ
.1074477,.004301778,1.2733183,.084501162,2.4681818,.36296201,19,NJ
.10607798,.004304003,1.2002413,.084843978,2.6704233,.35896417,20,NJ
.10118844,.004312458,1.2445151,.084631152,2.4590049,.36316133,21,NJ
.20621678,.004220841,1.2314966,.084692039,2.5118749,.36203593,22,NJ
.095029309,.0043244027,1.2902707,.08442755,2.6055768,.36016908,23,NJ
.12518775,.0042775101,1.2095194,.084798001,2.4051998,.3643651,24,NJ
.17208344,.0042380472,1.2742023,.084497273,2.3981042,.36452851,25,NJ
.20910065,.0042196498,1.2388654,.084657408,2.7017047,.35840634,26,NJ
.16907774,.0042399033,1.1591071,.085057355,2.436692,.36365309,27,NJ
.10631251,.0043036179,1.247259,.084618494,2.4960084,.36236793,28,NJ
0,0,1.3204618,.084301427,2.4987059,.36231112,29,NJ
.11824679,.0042861062,1.2970803,.08439856,2.4174531,.36408553,30,NJ
.21308565,.0042180582,1.1591073,.085057355,2.5518324,.36122072,31,NJ
.087345898,.0043417825,1.1817963,.084937692,2.6105697,.36007389,32,NJ
.14897276,.0042543011,1.2022704,.08483386,2.5075474,.36212599,33,NJ
.090208441,.0043349448,1.193018,.084880307,2.5637259,.36098364,34,NJ
.12088657,.0042827167,1.2522546,.084595598,2.5442917,.36137232,35,NJ
.14904515,.0042542419,1.2366407,.084667817,2.5725513,.36080936,36,NJ
.025492519,.0049372553,1.2172897,.084760062,2.4572351,.36319995,37,NJ
.24314645,.0042077601,1.1746545,.084974825,2.6010551,.36025566,38,NJ
.17137837,.0042384765,1.2132056,.084779941,2.6167364,.35995689,39,NJ
.10481872,.0043061022,1.2061858,.084814429,2.3995707,.36449462,40,NJ
.1775974,.004234809,1.2454942,.08462663,2.4141433,.36416072,41,NJ
.20665061,.0042206598,1.237488,.084663846,2.5327091,.36160719,42,NJ
.14713815,.0042558163,1.2038913,.084825799,2.4203341,.36402029,43,NJ
0,0,1.1932026,.084879376,2.5790999,.36068091,44,NJ
.20574702,.0042210384,1.2328187,.084685788,2.6179545,.35993385,45,NJ
.13591836,.0042660022,1.2608113,.084556833,2.5450013,.36135802,46,NJ
.11049153,.0042970385,1.2809584,.084467731,2.4325147,.36374632,47,NJ
.2677038,.0042010909,1.1879815,.084905922,2.4333522,.3637276,48,NJ
.090995029,.004333145,1.3031098,.084373154,2.3918352,.36467379,49,NJ
.13349459,.0042684344,1.1852572,.08491987,2.4010434,.36446068,50,NJ
.13587686,.0042660427,1.2692611,.084519096,2.5550051,.36115724,51,NJ
.19233176,.0042270874,1.2783736,.084478997,2.6280003,.35974479,52,NJ
.13454537,.0042673689,1.2669294,.084529452,2.4802992,.36270142,53,NJ
.162771,.0042440267,1.2247531,.084724113,2.7476819,.35761252,54,NJ
.13895197,.0042630807,1.2036927,.08482679,2.5388396,.36148256,55,NJ
.097217001,.0043199789,1.2031341,.084829561,2.4080234,.3643004,56,NJ
.080487289,.0043602521,1.2438339,.084634304,2.4695263,.36293295,57,NJ
.086571485,.0043437141,1.2207836,.084743179,2.37725,.36501524,58,NJ
.17523204,.0042361724,1.2753438,.084492259,2.4070835,.36432192,59,NJ
.12799789,.0042743036,1.2343918,.084678374,2.5737114,.36078656,60,NJ
0,0,1.2918261,.084420897,2.4501433,.3633554,61,NJ
.21890049,.0042158412,1.1971895,.084859274,2.5028493,.36222419,62,NJ
.080472432,.0043602954,1.1923417,.084883735,2.5486047,.36128548,63,NJ
.12727737,.0042751115,1.2248923,.08472345,2.5689914,.36087951,64,NJ
.15392031,.0042503993,1.2879606,.08443746,2.6985273,.35846233,65,NJ
.32709676,.0041891541,1.2357981,.084671766,2.5402246,.36145452,66,NJ
.18838073,.0042290366,1.213135,.084780283,2.4698231,.36292654,67,NJ
0,0,1.2051942,.084819339,2.4849718,.36260173,68,NJ
.10810316,.004300734,1.2058254,.084816217,2.4178643,.3640762,69,NJ
.19977343,.0042236294,1.2218943,.08473783,2.41661,.36410466,70,NJ
.21703522,.0042165392,1.2642592,.084541366,2.4905324,.36248362,71,NJ
.16241422,.0042442698,1.165417,.085023575,2.5910399,.36044863,72,NJ
.079440951,.004363365,1.1842562,.084925011,2.6801612,.35878894,73,NJ
.22508897,.0042136102,1.1812897,.084940307,2.6704054,.3589645,74,NJ
0,0,1.2291267,.084703267,2.5667169,.36092442,75,NJ
.14944397,.0042539178,1.2318691,.084690273,2.6372743,.3595717,76,NJ
0,0,1.2480321,.084614933,2.7293189,.35792595,77,NJ
0,0,1.2847267,.0844514,2.6004937,.36026645,78,NJ
.10319844,.0043088812,1.1878457,.084906615,2.4253852,.36390629,79,NJ
.22504547,.0042136251,1.224111,.08472719,2.6449416,.35942966,80,NJ
.10289166,.0043094177,1.1874708,.08490853,2.5249903,.36176509,81,NJ
.093067177,.0043285554,1.2107248,.084792078,2.5818608,.360627,82,NJ
.051526096,.0044971867,1.2656808,.084535018,2.5421441,.36141568,83,NJ
.12935826,.0042728032,1.2619517,.084551707,2.4827485,.36264911,84,NJ
.13678826,.0042651505,1.1901525,.084894851,2.5015836,.36225072,85,NJ
0,0,1.2116036,.084787771,2.4444141,.36348173,86,NJ
0,0,1.1802548,.084945664,2.6323147,.35966408,87,NJ
0,0,1.2481138,.08461456,2.4148135,.36414549,88,NJ
.092818536,.0043290951,1.2459679,.084624439,2.4498162,.36336258,89,NJ
.064813368,.0044181328,1.2068961,.08481092,2.3600037,.36542526,90,NJ
.060353234,.0044405023,1.2026236,.084832102,2.4562616,.36322123,91,NJ
0,0,1.2323079,.084688202,2.4885426,.36252582,92,NJ
.11887761,.004285282,1.2704386,.08451388,2.7236063,.35802442,93,NJ
.033328004,.0047222362,1.2041421,.084824555,2.3805981,.36493641,94,NJ
.073046573,.004384446,1.2426685,.084639706,2.5899813,.36046913,95,NJ
.11810254,.0042862962,1.2342975,.084678821,2.5595057,.36106747,96,NJ
0,0,1.1863513,.08491426,2.5145299,.36198083,97,NJ
.2476588,.0042064339,1.2153183,.084769644,2.4461007,.36344448,98,NJ
.09780398,.0043188273,1.2267985,.084714346,2.5366499,.361527,99,NJ
.093042478,.004328609,1.2730953,.084502146,2.5750847,.36075959,100,NJ
2.2187455,.12927777,1.7219901,.1373115,1.3707141,.23987909,1,NY
2.0958545,.12972096,1.3709534,.14017352,1.3020254,.24211437,2,NY
2.242106,.12919934,1.5469166,.13856198,1.5050685,.23618929,3,NY
2.1411152,.12955146,1.4211113,.13966949,1.4419369,.23782332,4,NY
2.2598572,.12914088,1.197986,.14227381,1.4025942,.23892869,5,NY
2.0759034,.12979816,1.6964314,.13747667,1.3094556,.24185917,6,NY
2.2117181,.12930171,1.2360154,.14175585,1.3035262,.24206254,7,NY
2.2105556,.12930568,1.7646302,.13704744,1.2881023,.24260198,8,NY
2.1799455,.12941198,1.5365046,.13864614,1.3825819,.23951928,9,NY
2.3161299,.12896183,1.6137615,.13804978,1.2050374,.24579301,10,NY
2.1780851,.12941854,1.4160563,.13971852,1.383886,.23948018,11,NY
2.1852818,.12939322,1.5699369,.13838023,1.3804362,.23958379,12,NY
2.1821499,.12940422,1.3122607,.14081749,1.3863808,.23940563,13,NY
2.2975147,.12902004,1.5751464,.13833989,1.4510605,.23757695,14,NY
2.3352845,.12890296,1.7271132,.13727903,1.2568171,.24374472,15,NY
2.2389705,.12920976,1.6562576,.13774744,1.3742421,.23977137,16,NY
2.238307,.12921198,1.7308965,.13725519,1.3045374,.2420277,17,NY
2.1571977,.12949304,1.6230322,.13798235,1.3592331,.2402342,18,NY
2.2076871,.12931551,1.5123775,.13884601,1.3911896,.23926282,19,NY
2.0908244,.12974027,1.562206,.13844061,1.415562,.23855641,20,NY
2.3024831,.1290044,1.5038303,.13891849,1.4826131,.23675202,21,NY
2.2602358,.12913965,1.278819,.14121376,1.4017049,.23895451,22,NY
2.2655149,.12912245,1.4226769,.13965438,1.2447288,.24420467,23,NY
2.22402,.12925991,1.2254492,.14189616,1.2345772,.24459925,24,NY
2.4295239,.12862755,1.7443258,.13717145,1.3525846,.24044308,25,NY
2.2224278,.12926529,1.6672051,.13767225,1.4120959,.23865514,26,NY
2.3987944,.12871486,1.6072855,.13809738,1.4733452,.23699006,27,NY
2.2904606,.12904236,1.3703804,.14017951,1.3516397,.24047296,28,NY
2.0298347,.12998262,1.5560628,.13848907,1.3327014,.24108247,29,NY
2.3542027,.12884581,1.1639757,.14276925,1.3523668,.24044997,30,NY
2.3796287,.1287705,1.4307303,.13957727,1.2252289,.24496956,31,NY
2.3300159,.12891905,1.7769883,.13697346,1.2554306,.24379693,32,NY
2.363163,.12881908,1.5387056,.13862824,1.2015638,.24593803,33,NY
2.3335979,.1289081,1.4181502,.13969816,1.2233176,.24504611,34,NY
2.1446462,.12953855,1.3420832,.1404825,1.3683153,.2399527,35,NY
2.1296942,.12959351,1.6082169,.13809051,1.3588517,.24024612,36,NY
2.1138949,.12965247,1.4427222,.13946417,1.2213423,.24512553,37,NY
2.2057829,.12932205,1.5491093,.13854441,1.4110327,.23868553,38,NY
2.2527668,.12916411,1.4184102,.13969564,1.3360832,.24097213,39,NY
2.3706384,.12879694,1.4292762,.13959111,1.4757098,.236929,40,NY
2.4362557,.12860875,1.6673795,.13767105,1.4899056,.23656711,41,NY
2.2111678,.12930359,1.6513829,.13778126,1.4339889,.23804092,42,NY
2.2451663,.12918919,1.1694454,.14268738,1.3113477,.24179472,43,NY
2.2893634,.12904584,1.4206707,.13967375,1.3906112,.23927993,44,NY
2.0530219,.12988868,1.5838203,.13827339,1.3994577,.23901995,45,NY
2.313031,.12897146,1.6108726,.13807096,1.4308643,.23812725,46,NY
2.2550011,.12915678,1.3147326,.14078909,1.3070796,.24194039,47,NY
2.2236123,.12926129,1.5645666,.1384221,1.3856257,.23942816,48,NY
2.2692637,.12911029,1.5725375,.13836005,1.4598162,.23734388,49,NY
2.3623319,.12882155,1.5332726,.13867252,1.4071704,.2387964,50,NY
2.2936804,.12903215,1.7256273,.13728844,1.3071496,.24193799,51,NY
2.2730923,.12909792,1.5339381,.13866708,1.4747751,.23695311,52,NY
2.4062502,.12869346,1.6576672,.13773769,1.3341787,.24103419,53,NY
2.2231305,.12926291,1.3810881,.14006843,1.3598549,.24021478,54,NY
2.3579044,.12883474,1.7627169,.13705899,1.3142539,.24169618,55,NY
2.3777874,.12877589,1.3866059,.14001192,1.4236481,.23832829,56,NY
2.0997827,.12970594,1.7203126,.13732219,1.3516911,.24047133,57,NY
2.3881128,.12874575,1.5610564,.13844965,1.373222,.23980244,58,NY
2.2006662,.12933968,1.4839176,.13909091,1.5392561,.23536892,59,NY
2.2705748,.12910606,1.44643,.13942963,1.1543087,.24801622,60,NY
2.2745755,.12909314,1.5058513,.13890128,1.3505466,.2405076,61,NY
2.2184706,.1292787,1.425444,.13962778,1.3913013,.23925951,62,NY
2.3201804,.1289493,1.4197725,.13968244,1.2804221,.24287635,63,NY
2.1324594,.12958328,1.5025716,.13892925,1.5206788,.23580942,64,NY
2.1543262,.1295034,1.5036063,.13892041,1.3157685,.24164502,65,NY
2.0768132,.12979461,1.799385,.13684218,1.3056455,.2419896,66,NY
2.3850796,.12875459,1.3904865,.13997248,1.4609123,.23731492,67,NY
2.2388856,.12921004,1.4056171,.13982096,1.2646657,.2434517,68,NY
2.3553805,.12884228,1.3916019,.13996118,1.4689648,.23710379,69,NY
2.23685,.12921683,1.3995916,.13988088,1.4359964,.2379857,70,NY
2.2422674,.1291988,1.4741403,.13917744,1.1604214,.24773583,71,NY
2.213768,.12929471,1.6594031,.13772573,1.4250617,.23828872,72,NY
2.1288216,.12959674,1.537689,.1386365,1.2826507,.24279633,73,NY
2.1811428,.12940776,1.4863942,.13906918,1.228732,.24483001,74,NY
2.1328549,.12958182,1.7585282,.13708438,1.400192,.23899853,75,NY
2.2836943,.1290639,1.538038,.13863367,1.271479,.24320082,76,NY
2.142406,.12954673,1.2533568,.14153126,1.3369796,.240943,77,NY
2.1023643,.1296961,1.4540875,.13935888,1.4771503,.23689191,78,NY
2.4543996,.12855858,1.1953062,.14231171,1.4960933,.23641185,79,NY
2.2563941,.12915221,1.2320346,.14180839,1.4404267,.23786445,80,NY
2.2176735,.12928142,1.3639119,.14024755,1.2901642,.24252898,81,NY
2.1420004,.12954822,1.5496067,.13854043,1.4697531,.23708327,82,NY
2.1443465,.12953964,1.3728304,.14015393,1.3232205,.24139535,83,NY
2.4508958,.1285682,1.55826,.13847169,1.3777909,.23966365,84,NY
2.0582643,.12986775,1.3910152,.13996713,1.4203123,.23842204,85,NY
2.4281693,.12863135,1.5155159,.13881962,1.4515779,.23756309,86,NY
2.1307755,.1295895,1.1818377,.14250506,1.5410355,.23532738,87,NY
2.2549357,.12915699,1.2736322,.1412773,1.561043,.23486769,88,NY
2.3553133,.12884249,1.5006818,.13894542,1.4063655,.2388196,89,NY
2.2366786,.1292174,1.6354586,.13789327,1.2743226,.24309707,90,NY
2.4035783,.12870111,1.6879833,.13753244,1.4233061,.23833787,91,NY
2.3162818,.12896135,1.4725124,.13919196,1.2700863,.24325185,92,NY
2.1357844,.12957102,1.2301791,.14183302,1.3655045,.24003935,93,NY
2.2066715,.129319,1.6676526,.13766919,1.5859929,.2343131,94,NY
2.3449526,.12887363,1.9062569,.13626121,1.1755962,.24705501,95,NY
2.3582468,.12883371,1.1752042,.14260212,1.299037,.24221797,96,NY
2.3097713,.12898161,1.349926,.14039713,1.3864235,.23940437,97,NY
2.2838333,.12906346,1.4909765,.13902922,1.4862261,.23666014,98,NY
2.2325141,.12923133,1.4006966,.13986984,1.3289318,.24120624,99,NY
2.0489671,.12990494,1.4864036,.13906911,1.318522,.24155238,100,NY
0,0,3.9280849,1.2168819,.041572582,.049790159,1,NC
0,0,3.928514,1.2168407,.046240214,.044419948,2,NC
0,0,3.9259102,1.2170907,.040738042,.051042479,3,NC
.013042418,.0023988921,3.9297221,1.2167249,.052217655,.040019218,4,NC
.26052114,.0020420935,3.9285467,1.2168376,.049412176,.041839816,5,NC
.03575515,.0021479325,3.925761,1.2171052,.0519646,.040169135,6,NC
0,0,3.928688,1.2168241,.050123908,.041342735,7,NC
0,0,3.9298444,1.2167132,.045121122,.045504112,8,NC
0,0,3.9288132,1.216812,.045408368,.045215655,9,NC
.31384265,.0020393776,3.9266796,1.2170168,.042396326,.048657879,10,NC
0,0,3.9265649,1.2170279,.044979122,.04564945,11,NC
.092763953,.0020714572,3.9276931,1.2169195,.044029932,.04667056,12,NC
.025687343,.0021997248,3.9279706,1.2168928,.041572429,.049790379,13,NC
0,0,3.9281428,1.2168764,.047673102,.043173388,14,NC
.21166579,.0020457949,3.9269724,1.2169887,.054701183,.03867355,15,NC
.12297058,.0020601568,3.9274292,1.2169448,.035539631,.062496081,16,NC
.092533253,.0020715725,3.9264967,1.2170345,.038949929,.054157633,17,NC
0,0,3.9277654,1.2169126,.043663867,.047089018,18,NC
.072309338,.0020846252,3.929059,1.2167884,.035905585,.061395701,19,NC
.20948595,.0020460007,3.9289789,1.2167962,.047449451,.043358468,20,NC
0,0,3.9264338,1.2170404,.045579113,.045047618,21,NC
.13400561,.0020573183,3.9283116,1.2168602,.039399549,.053311709,22,NC
0,0,3.9287999,1.2168133,.036650829,.059332769,23,NC
0,0,3.9295855,1.216738,.050425466,.041139811,24,NC
0,0,3.92677,1.2170081,.040227193,.051867761,25,NC
.0053796768,.0032504762,3.9260864,1.2170738,.036775131,.059009876,26,NC
.011748901,.0024484741,3.9300437,1.216694,.05107896,.040714834,27,NC
.077884279,.0020803323,3.9267373,1.2170113,.046113938,.044537105,28,NC
0,0,3.9278038,1.2169089,.050769594,.040913556,29,NC
.22146565,.0020449203,3.9278417,1.2169052,.041023392,.050601475,30,NC
0,0,3.9270902,1.2169774,.047223903,.043548528,31,NC
.14203264,.0020555349,3.928591,1.2168334,.036562428,.059565917,32,NC
0,0,3.9257839,1.2171029,.041065056,.050538231,33,NC
.23901093,.0020435352,3.9257452,1.2171066,.042825319,.04810483,34,NC
0,0,3.9264567,1.2170383,.039564162,.053013258,35,NC
.26370764,.0020419001,3.92783,1.2169064,.041306801,.050176829,36,NC
.11938974,.0020611924,3.9258826,1.2170935,.043586824,.047178954,37,NC
.088750668,.0020735511,3.92697,1.2169889,.036023319,.061054502,38,NC
.092180543,.0020717501,3.9267287,1.2170122,.039475128,.053173956,39,NC
.22959551,.0020442519,3.9306383,1.216637,.037041217,.058337431,40,NC
.15379876,.0020532617,3.9292784,1.2167674,.04976311,.041591458,41,NC
.34691617,.0020381149,3.9281104,1.2168795,.038586885,.054875512,42,NC
.28802237,.0020405662,3.9276683,1.2169219,.03313563,.071635231,43,NC
0,0,3.928982,1.2167958,.048931338,.04219088,44,NC
.014551559,.0023539888,3.9295745,1.2167391,.046857476,.043864854,45,NC
0,0,3.9282241,1.2168685,.032356989,.075566478,46,NC
0,0,3.926369,1.2170467,.050385885,.041166194,47,NC
0,0,3.9262965,1.2170537,.049316231,.041908856,48,NC
.07125017,.002085519,3.9275296,1.2169352,.041847315,.049401723,49,NC
.034319531,.0021533435,3.9278812,1.2169014,.036744352,.059089296,50,NC
0,0,3.9294865,1.2167474,.042038023,.049138557,51,NC
0,0,3.9281645,1.2168742,.041578334,.049781911,52,NC
.37839049,.0020371196,3.9258204,1.2170994,.040273134,.051791582,53,NC
.019428212,.0022621341,3.928535,1.2168387,.047760114,.043102276,54,NC
0,0,3.9264174,1.2170421,.050724998,.040942565,55,NC
0,0,3.9279706,1.2168928,.048519343,.042502064,56,NC
0,0,3.9292812,1.2167672,.055250872,.038403425,57,NC
.4489598,.0020353971,3.9276705,1.2169217,.041283894,.050210673,58,NC
0,0,3.9274595,1.216942,.046099015,.044551034,59,NC
.038269334,.0021394887,3.9258308,1.2170984,.047835927,.043040711,60,NC
.13267568,.0020576352,3.9266195,1.2170227,.041809864,.049454015,61,NC
.023647074,.0022160986,3.927778,1.2169113,.036783308,.058988832,62,NC
0,0,3.9280534,1.216885,.053353723,.039376635,63,NC
.3512595,.0020379669,3.9263058,1.2170527,.040875893,.050827708,64,NC
0,0,3.9281821,1.2168726,.027487475,.12889256,65,NC
.095139913,.0020703026,3.9288957,1.2168041,.04313153,.047724243,66,NC
0,0,3.9281149,1.216879,.043644827,.047111183,67,NC
0,0,3.927819,1.2169074,.0326657,.073934667,68,NC
.22298965,.0020447911,3.9280944,1.216881,.042702805,.048260357,69,NC
0,0,3.9270213,1.216984,.050845712,.040864255,70,NC
.1255569,.0020594459,3.9285498,1.2168373,.043349501,.047460195,71,NC
0,0,3.927505,1.2169375,.035143282,.063760608,72,NC
0,0,3.9279795,1.216892,.04591487,.044724382,73,NC
0,0,3.9269643,1.2169895,.05142371,.040498417,74,NC
0,0,3.9267428,1.2170107,.039457951,.053205155,75,NC
0,0,3.9278646,1.2169031,.040751521,.051021334,76,NC
.077579327,.0020805507,3.9297662,1.2167207,.038945254,.054166675,77,NC
.30593789,.0020397201,3.9296875,1.2167282,.044567142,.046081781,78,NC
0,0,3.9271576,1.2169709,.036237564,.060448777,79,NC
0,0,3.9284015,1.2168516,.040857431,.050856285,80,NC
.099143907,.0020684849,3.9245057,1.2172258,.031265467,.082274489,81,NC
.1668449,.0020511204,3.928005,1.2168896,.04116945,.050381009,82,NC
0,0,3.9285989,1.2168326,.047086645,.043665908,83,NC
.20732307,.0020462091,3.9284303,1.2168487,.045750711,.044881243,84,NC
0,0,3.9280767,1.2168827,.049116876,.042053904,85,NC
0,0,3.9278595,1.2169036,.044492211,.046162166,86,NC
.42859179,.0020358358,3.9275711,1.2169312,.046660218,.044039141,87,NC
0,0,3.9276805,1.2169207,.047666091,.043179139,88,NC
0,0,3.9295175,1.2167445,.043456536,.047332555,89,NC
0,0,3.9264379,1.2170401,.056501407,.03782158,90,NC
0,0,3.9255052,1.2171297,.0544606,.038794715,91,NC
.17587291,.002049827,3.9284296,1.2168489,.038459092,.055136055,92,NC
0,0,3.9277074,1.2169181,.03620455,.060540866,93,NC
0,0,3.9264772,1.2170362,.048400193,.042593915,94,NC
.0075710588,.0027666339,3.927249,1.2169622,.034111433,.067463085,95,NC
.20929824,.0020460186,3.9260077,1.2170814,.042441133,.048598994,96,NC
.048133604,.0021152538,3.9274502,1.2169428,.038009372,.056087438,97,NC
.036992315,.0021436256,3.9286516,1.2168275,.037996083,.056116398,98,NC
0,0,3.9277518,1.2169139,.048278663,.042688485,99,NC
0,0,3.9278359,1.2169058,.046863988,.04385915,100,NC
3.3590388,.35140648,2.5139782,.22222412,.66972172,.10095085,1,RI
3.1818779,.35346535,2.7558079,.22051361,.6011371,.10271735,2,RI
3.2663269,.35245305,2.3917613,.22323245,.65227681,.10135947,3,RI
3.1939638,.35331681,2.5499971,.221947,.51727319,.105644,4,RI
3.414094,.35081467,2.7948952,.22026712,.77185804,.098976657,5,RI
3.4551859,.35038647,2.4519498,.22272217,.73038149,.099702686,6,RI
3.2773178,.35232556,2.6480222,.22123419,.5753336,.10351061,7,RI
3.1300111,.35411721,2.5513868,.22193648,.92052692,.096968442,8,RI
3.2017784,.35322145,2.3591247,.22352105,.71667451,.099963672,9,RI
3.3661399,.35132894,2.2957447,.22410727,.72645068,.099776387,10,RI
3.2481196,.35266638,1.9187043,.22849035,.51330584,.10581102,11,RI
3.4433577,.35050857,2.7324884,.22066429,.63804001,.10171214,12,RI
3.4349883,.35059553,2.506799,.22228038,.68606871,.10058958,13,RI
3.3596468,.35139984,2.457958,.22267273,.69249022,.100453,14,RI
3.5409596,.34952787,2.4215615,.22297634,.71982265,.099902727,15,RI
3.2361431,.35280815,2.4954414,.22237013,.69990611,.10029884,16,RI
3.6146991,.34882545,2.4325049,.222884,.6721645,.10089558,17,RI
3.1005108,.3544988,2.2914536,.22414824,.68853635,.10053675,18,RI
3.1068327,.35441634,2.0617452,.22661804,.69943321,.10030856,19,RI
3.2535825,.35260209,2.4155538,.22302741,.62468523,.10205996,20,RI
3.4902868,.3500295,2.3916368,.22323352,.62644804,.10201307,21,RI
3.3471625,.35153699,2.2943797,.22412027,.71469969,.10000221,22,RI
3.2749732,.35235268,2.3913684,.22323586,.79909432,.098545946,23,RI
3.4076169,.35088319,2.4153421,.22302921,.61633533,.10228636,24,RI
3.1641896,.35368499,2.2351663,.22470175,.75628525,.099238686,25,RI
3.3387535,.35163,2.5466418,.22197245,.64343345,.10157641,26,RI
3.4432228,.35050997,2.4533837,.22271034,.76161218,.099147692,27,RI
3.3836615,.35113916,2.6024749,.22155814,.74598134,.099418879,28,RI
3.4395664,.35054791,2.7840598,.22033469,.66652554,.10102388,29,RI
3.1099634,.35437566,2.5230951,.22215316,.79098284,.098670729,30,RI
3.3482411,.35152507,2.2497654,.22455527,.60101956,.10272078,31,RI
3.41346,.35082135,2.6914878,.22093609,.73781157,.099565811,32,RI
3.4960444,.34997168,2.3642585,.22347507,.68894893,.10052796,33,RI
3.4373739,.35057068,2.717603,.22076194,.62465191,.10206085,34,RI
3.577646,.34917444,2.490706,.22240782,.62952751,.10193187,35,RI
3.2606578,.35251921,2.5921707,.22163315,.71368283,.10002215,36,RI
3.4590693,.3503466,2.5494711,.22195098,.6308077,.10189838,37,RI
3.2862177,.35222301,2.5901594,.22164786,.63160866,.10187751,38,RI
3.427891,.35066962,2.5407875,.22201703,.64591664,.1015148,39,RI
3.2635341,.35248563,2.6275249,.22137846,.65052944,.1014018,40,RI
3.263381,.35248742,2.3965852,.22319052,.68469524,.10061917,41,RI
3.1366138,.35403287,2.2839484,.22422031,.53573376,.10490572,42,RI
3.4130745,.35082543,2.4616141,.22264276,.55909091,.10405449,43,RI
3.565877,.34928694,2.480998,.22248554,.71806824,.099936619,44,RI
3.4194269,.35075846,2.435487,.222859,.73383397,.099638693,45,RI
3.3486438,.35152066,2.6192393,.22143748,.67006743,.10094301,46,RI
3.2631712,.35248986,2.5117774,.22224133,.64580083,.10151766,47,RI
3.4575326,.35036236,2.3587627,.2235243,.55296844,.10426935,48,RI
3.1294656,.35412419,2.7751076,.22039096,.64337426,.10157789,49,RI
3.1126769,.35434046,2.2579682,.22447386,.40118933,.11227908,50,RI
3.3556528,.35144359,2.9217718,.21951586,.6970318,.10035815,51,RI
3.4564204,.35037377,2.9845035,.21916975,.65658802,.10125615,52,RI
3.2260239,.35292885,2.6788018,.22102201,.82010967,.09823551,53,RI
3.3624232,.3513695,2.5486503,.22195721,.74814856,.099380516,54,RI
3.213809,.35307565,2.7354248,.22064517,.63464504,.10179895,55,RI
3.4249434,.3507005,2.5181422,.22219165,.63521981,.10178418,56,RI
3.448843,.35045183,2.547956,.22196247,.86463517,.097633265,57,RI
3.2691104,.35242069,2.4121926,.22305611,.66053694,.10116289,58,RI
3.3215098,.35182235,2.7156599,.22077478,.843988,.097903721,59,RI
3.2312701,.35286617,2.5027239,.22231248,.70698553,.10015512,60,RI
3.3135118,.35191232,2.5055313,.22229037,.5335446,.10499007,61,RI
3.4535925,.35040286,2.5209153,.22217007,.79934645,.098542109,62,RI
3.3481109,.35152653,2.5616875,.22185887,.50256461,.10627925,63,RI
3.3190968,.35184944,2.0768178,.22643739,.63175857,.10187361,64,RI
3.2622762,.35250029,2.3850319,.22329125,.81351638,.098330967,65,RI
3.4412,.35053095,2.1928022,.22513902,.65804398,.10122162,66,RI
3.6469316,.34852818,2.4778731,.22251071,.80507725,.098455712,67,RI
3.4291668,.35065627,2.4775569,.22251326,.79100341,.098670408,68,RI
3.3615623,.35137889,2.3287067,.22379802,.74055797,.099516012,69,RI
3.1686709,.35362908,2.4801145,.22249265,.5444479,.10457796,70,RI
2.9409494,.3567116,2.2974646,.22409089,.68630582,.10058448,71,RI
3.2873597,.3522099,2.8096585,.22017594,.6971885,.1003549,72,RI
3.1505167,.35385662,2.3095832,.22397625,.74033326,.099520065,73,RI
3.3547716,.35145324,2.394846,.22320561,.68140233,.10069068,74,RI
3.4176331,.35077733,2.4024,.22314021,.55600774,.10416199,75,RI
3.4547913,.35039052,2.104399,.22611427,.61258447,.10239041,76,RI
3.282299,.3522681,2.4322579,.22288609,.7188409,.099921666,77,RI
3.4139364,.35081631,2.6761723,.22103992,.645944,.10151412,78,RI
3.2985859,.35208154,2.5100956,.2222545,.61410511,.10234805,79,RI
3.2932177,.35214278,2.8127933,.22015671,.55886394,.10406235,80,RI
3.2485902,.35266083,2.5926855,.22162938,.67055297,.10093199,81,RI
3.3476293,.35153183,2.5203197,.2221747,.63086456,.1018969,82,RI
3.6608269,.34840181,2.6096067,.22150661,.50825346,.10602829,83,RI
3.4202983,.35074928,2.3370936,.22372086,.78635877,.098743163,84,RI
3.4753067,.35018086,2.2045436,.22501597,.72815454,.099744327,85,RI
3.5841744,.34911236,2.5603635,.22186881,.57047462,.10366947,86,RI
3.4046841,.35091433,2.7285304,.22069015,.77826768,.098872237,87,RI
3.2248409,.352943,2.3949556,.22320466,.59506786,.10289668,88,RI
3.197077,.35327879,2.4003446,.22315796,.68670112,.100576,89,RI
3.3967772,.35099852,2.2244105,.22481103,.70924574,.10010993,90,RI
3.5173066,.34976006,2.4587395,.22266631,.6080848,.1025172,91,RI
3.3554833,.35144544,2.4300776,.2229044,.63525319,.10178332,92,RI
3.1578035,.35376495,2.7927101,.22028069,.69412231,.10041875,93,RI
3.3955188,.35101196,2.6705754,.2210782,.51930207,.10555977,94,RI
3.1731253,.35357368,2.164537,.22544128,.77192569,.098975539,95,RI
3.4270968,.35067794,2.1516931,.22558151,.5428465,.10463725,96,RI
3.3458216,.35155177,2.6102273,.22150214,.69848633,.10032807,97,RI
3.1209917,.35423303,2.7853072,.22032689,.67821354,.10076068,98,RI
3.5571103,.34937128,2.0432258,.22684403,.74922276,.099361591,99,RI
3.272259,.35238412,2.1647584,.22543888,.74993032,.099349156,100,RI
.047305733,.007890976,1.8548422,.24170147,1.3276416,.27927023,1,VA
.0068040085,1.118638,1.905447,.2408679,1.363297,.27774224,2,VA
0,0,1.9005431,.24094649,1.4335803,.27499557,3,VA
.26576337,.0069394624,1.8461559,.24184975,1.3327023,.27904734,4,VA
.0089798467,.027393017,1.8620963,.24157883,1.6238686,.26895002,5,VA
0,0,1.8717489,.24141732,1.4002739,.27625602,6,VA
0,0,1.8780451,.24131297,1.3945965,.27647808,7,VA
0,0,1.8601241,.24161208,1.5527072,.27100712,8,VA
0,0,1.8628738,.24156575,1.3441628,.27855006,9,VA
.15641019,.0070685023,1.8713099,.24142462,1.2380613,.28358641,10,VA
.034421235,.0084164953,1.9007226,.2409436,1.2195448,.28457612,11,VA
.31769499,.0069099688,1.8736252,.24138615,1.5356967,.27153206,12,VA
.15481059,.0070718047,1.8515466,.24175754,1.5003076,.27266929,13,VA
.02148846,.0098687923,1.841431,.24193107,1.3510859,.2782546,14,VA
.10437819,.0072314115,1.8392974,.24196795,1.3199809,.27961159,15,VA
0,0,1.8630785,.24156232,1.3789836,.27710006,16,VA
0,0,1.8497049,.24178898,1.3847904,.27686676,17,VA
.17244953,.007038916,1.8877693,.24115336,1.1167402,.29082337,18,VA
0,0,1.8640764,.24154554,1.3037726,.28034985,19,VA
.015584668,.01194736,1.8506912,.24177213,1.4228104,.27539542,20,VA
.12834334,.0071390565,1.8889014,.2411349,1.3322358,.27906778,21,VA
.18759406,.0070157973,1.8572304,.24166098,1.4738092,.27356318,22,VA
.27410609,.0069339518,1.8598742,.24161628,1.8648641,.26331419,23,VA
0,0,1.8586035,.24163775,1.1709352,.28735977,24,VA
.28810245,.0069254409,1.8552569,.24169444,1.0785229,.2935321,25,VA
.098261431,.0072627338,1.8901602,.24111439,1.3715308,.27740297,26,VA
.062429294,.0075844908,1.8686181,.2414695,1.5114043,.27230594,27,VA
.27274156,.0069348295,1.8446307,.24187595,1.6018323,.26956421,28,VA
.23621501,.006962203,1.8176968,.24234682,1.3040771,.28033578,29,VA
0,0,1.8623656,.2415743,1.4852337,.27317315,30,VA
.11408261,.0071890443,1.8385009,.24198174,1.4240338,.27534965,31,VA
.17829576,.0070295078,1.8525584,.2417403,1.4657974,.27384099,32,VA
.085072584,.0073469197,1.8138384,.24241558,1.3934156,.27652454,33,VA
.07521984,.0074309795,1.8512083,.24176331,1.2023815,.28552717,34,VA
.18574294,.0070184134,1.8867686,.24116969,1.218532,.28463131,35,VA
0,0,1.8215384,.2422787,1.5403966,.27138567,36,VA
.049622368,.0078299996,1.8524268,.24174255,1.345615,.27848777,37,VA
.38813385,.0068828003,1.8133805,.24242376,1.3638487,.27771935,38,VA
.072552867,.0074580628,1.8643982,.24154015,1.5155326,.27217236,39,VA
0,0,1.8385078,.24198163,1.2127938,.28494623,40,VA
0,0,1.8644965,.24153849,1.4902301,.2730048,41,VA
0,0,1.8787479,.24130137,1.6604782,.26797149,42,VA
.065065384,.0075473422,1.8703406,.24144077,1.1739136,.28718096,43,VA
.3159734,.0069107874,1.8641244,.24154474,1.4024922,.27616984,44,VA
0,0,1.843523,.24189501,1.6716182,.2676836,45,VA
0,0,1.8267868,.24218614,1.386429,.27680135,46,VA
0,0,1.8761472,.24134435,1.3448789,.27851933,47,VA
.1938332,.0070073619,1.8186187,.24233045,1.4089566,.27592057,48,VA
.20038821,.0069990852,1.8770695,.24132909,1.2117893,.28500172,49,VA
0,0,1.8385953,.24198011,1.5123782,.27227435,50,VA
.038254578,.0082152076,1.8639548,.24154758,1.576368,.27029899,51,VA
.053715605,.0077369697,1.8515307,.24175781,1.6402951,.26850465,52,VA
0,0,1.8848059,.2412018,1.147763,.28879061,53,VA
0,0,1.8549739,.24169923,1.3659068,.27763417,54,VA
.019476593,.010360285,1.8716705,.24141861,1.281509,.2814011,55,VA
.078921802,.0073967036,1.887396,.24115945,1.2645119,.28223413,56,VA
.29050633,.0069240634,1.8510821,.24176547,1.3962668,.27641252,57,VA
0,0,1.8585272,.24163903,1.8142155,.26435626,58,VA
.15985474,.0070616258,1.8441995,.24188337,1.6218526,.26900539,59,VA
0,0,1.8552676,.24169424,1.5455979,.27122486,60,VA
0,0,1.8853647,.24119265,1.5195458,.27204332,61,VA
.14914922,.0070840879,1.80852,.24251089,1.3413339,.27867186,62,VA
.012975466,.014124772,1.8798054,.24128394,1.5246432,.2718806,63,VA
.082221679,.0073689856,1.8680485,.24147901,1.3087959,.28011867,64,VA
0,0,1.8890625,.24113227,1.3143758,.2798644,65,VA
.25114194,.0069500278,1.8135294,.24242109,1.5431477,.27130044,66,VA
0,0,1.8639934,.24154694,1.2313665,.28394002,67,VA
.091806926,.0073006712,1.8734437,.24138916,1.3896803,.27667212,68,VA
.19997551,.0069995895,1.8607715,.24160115,1.5050979,.27251166,69,VA
.062993042,.0075762533,1.8683079,.24147467,1.521753,.27197269,70,VA
0,0,1.8444051,.24187984,1.2701439,.28195509,71,VA
.030454583,.0086933579,1.8968767,.24100554,1.4898401,.27301788,72,VA
0,0,1.8642728,.24154225,1.4302478,.27511853,73,VA
0,0,1.8315828,.2421021,1.3283908,.27923709,74,VA
0,0,1.8637323,.24155132,1.2533466,.28279641,75,VA
0,0,1.8550606,.24169776,1.5289229,.27174494,76,VA
0,0,1.8730769,.24139525,1.4211831,.27545649,77,VA
.26335669,.0069411187,1.8625669,.24157092,1.366339,.27761632,78,VA
0,0,1.8732206,.24139285,1.5079136,.27241954,79,VA
.18054344,.0070260591,1.8938476,.24105452,1.4578739,.27411935,80,VA
0,0,1.8527793,.24173655,1.3762833,.27720934,81,VA
0,0,1.8924751,.24107678,1.3487834,.27835244,82,VA
.15716909,.0070669604,1.8689704,.24146362,1.1609452,.28796789,83,VA
0,0,1.8644166,.24153984,1.6300257,.26878184,84,VA
0,0,1.8942941,.24104729,1.3747221,.27727276,85,VA
0,0,1.8625467,.24157126,1.4897952,.2730194,86,VA
0,0,1.8559067,.24168341,1.3258154,.27935117,87,VA
.22914568,.0069685397,1.8935225,.2410598,1.4161729,.27564549,88,VA
.28846699,.0069252304,1.8593087,.24162583,1.3972592,.27637365,89,VA
0,0,1.8465029,.2418438,1.3371507,.27885309,90,VA
.037665818,.0082428772,1.8343786,.24205333,1.2652715,.28219631,91,VA
.0093433717,.024486767,1.8735319,.24138768,1.5222224,.2719577,92,VA
0,0,1.8589095,.24163258,1.1404613,.28925657,93,VA
.13988715,.007106436,1.8817581,.24125181,1.3232036,.2794674,94,VA
.27762368,.0069317301,1.8304482,.24212193,1.2511784,.28290704,95,VA
.1906433,.0070116036,1.8817136,.24125254,1.4838773,.27321908,96,VA
.22241293,.0069749607,1.8514197,.2417597,1.4001906,.27625927,97,VA
.19555873,.0070051276,1.8726454,.24140242,1.521543,.27197939,98,VA
.024391571,.0093573062,1.8597471,.24161844,1.4567962,.27415746,99,VA
.30819201,.0069146059,1.8717219,.24141777,1.5442437,.27126661,100,VA
